dt,well_id,oil_split,gas_split,water_split
2022-12-01,1,100.0,100.0,99.99999999999999
2022-12-01,2,99.99999999999997,100.0,99.99999999999999
2022-12-01,3,100.0,100.0,99.99999999999999
2022-12-01,9,100.0,100.0,99.99999999999999
2022-12-01,13,99.99999999999999,100.00000000000003,100.00000000000001
2022-12-01,14,100.00000000000001,99.99999999999999,100.0
2022-12-01,16,100.0,100.00000000000001,100.0
2022-12-01,17,100.0,100.00000000000003,100.0
2022-12-01,20,99.99999999999999,99.99999999999999,100.00000000000001
2022-12-01,22,100.0,100.0,100.00000000000001
2022-12-01,24,100.00000000000001,100.0,100.0
2022-12-01,28,99.99999999999999,100.0,100.0
2022-12-01,30,100.00000000000001,100.0,100.0
2022-12-01,31,100.0,100.00000000000003,100.0
2022-12-01,33,99.99999999999999,100.00000000000001,100.0
2022-12-01,36,100.0,100.0,100.00000000000001
2022-12-01,37,99.99999999999999,100.0,100.0
2022-12-01,39,100.00000000000001,100.0,100.0
2022-12-01,42,99.99999999999999,100.0,100.0
2022-12-01,43,99.99999999999999,100.0,99.99999999999999
2022-12-01,46,100.0,99.99999999999999,100.0
2022-12-01,48,100.0,99.99999999999997,100.0
2022-12-01,50,100.0,99.99999999999999,100.0
2022-12-01,51,100.0,99.99999999999997,100.0
2022-12-01,53,99.99999999999999,100.00000000000001,99.99999999999999
2022-12-01,55,99.99999999999999,100.0,100.0
2022-12-01,56,99.99999999999997,100.0,99.99999999999999
2022-12-01,57,100.0,99.99999999999997,100.00000000000001
2022-12-01,58,100.00000000000001,100.0,99.99999999999999
2022-12-01,59,100.0,100.00000000000001,100.0
2022-12-01,60,100.00000000000001,100.0,100.0
2022-12-01,63,100.0,99.99999999999999,100.0
2022-12-01,66,100.0,100.0,100.00000000000001
2022-12-01,67,99.99999999999999,100.0,100.0
2022-12-01,68,100.00000000000003,100.0,100.0
2022-12-01,71,100.0,100.0,99.99999999999999
2022-12-01,73,100.0,99.99999999999999,100.00000000000001
2022-12-01,78,99.99999999999999,100.0,100.0
2022-12-01,80,100.0,100.0,100.00000000000001
2022-12-01,86,100.0,100.0,99.99999999999999
2022-12-01,89,100.00000000000001,100.00000000000001,100.0
2022-12-01,91,100.00000000000001,100.0,100.0
2022-12-01,92,58.39280491978833,100.0,100.0
2022-12-01,94,100.0,99.99999999999999,100.0
2022-12-01,95,100.0,100.00000000000001,100.0
2022-12-01,97,99.99999999999999,100.00000000000003,99.99999999999999
2022-12-01,98,99.99999999999999,100.00000000000001,100.0
2022-12-01,101,100.00000000000001,100.0,99.99999999999999
2022-12-01,102,100.0,100.0,99.99999999999999
2022-12-01,104,100.0,100.0,100.00000000000001
2022-12-01,105,100.0,100.0,99.99999999999997
2022-12-01,111,99.99999999999999,100.0,100.00000000000001
2022-12-01,112,100.0,100.0,100.00000000000001
2022-12-01,114,100.00000000000001,99.99999999999999,99.99999999999999
2022-12-01,116,100.0,100.0,99.99999999999999
2022-12-01,117,100.0,99.99999999999999,100.0
2022-12-01,118,100.0,100.00000000000001,100.0
2022-12-01,119,100.0,100.00000000000001,100.0
2022-12-01,120,99.99999999999999,100.0,100.0
2022-12-01,123,100.0,100.00000000000001,100.0
2022-12-01,126,100.0,99.99999999999999,100.0
2022-12-01,128,99.99999999999999,100.0,100.00000000000001
2022-12-01,132,99.99999999999999,100.00000000000001,100.0
2022-12-01,138,100.0,100.0,100.00000000000001
2022-12-01,141,100.0,100.0,100.00000000000001
2022-12-01,142,99.99999999999999,100.0,100.0
2022-12-01,143,99.99999999999999,100.0,100.00000000000003
2022-12-01,148,100.0,99.99999999999999,100.00000000000001
2022-12-01,149,99.99999999999999,100.0,100.0
2022-12-01,151,100.0,100.00000000000001,100.00000000000001
2022-12-01,154,100.0,84.85405594615672,100.0
2022-12-01,155,100.00000000000001,99.99999999999999,100.0
2022-12-01,156,100.0,100.0,100.00000000000001
2022-12-01,157,100.00000000000001,100.0,100.0
2022-12-01,158,99.99999999999999,100.0,100.00000000000001
2022-12-01,159,99.99999999999999,100.00000000000001,100.00000000000003
2022-12-01,162,100.00000000000001,100.0,100.0
2022-12-01,163,100.0,100.00000000000001,99.99999999999999
2022-12-01,167,100.00000000000001,100.0,100.0
2022-12-01,169,99.99999999999999,100.0,100.0
2022-12-01,170,100.0,100.0,100.00000000000001
2022-12-01,173,100.00000000000003,100.00000000000001,100.0
2022-12-01,174,100.0,100.0,100.00000000000003
2022-12-01,175,100.00000000000001,100.00000000000001,100.0
2022-12-01,177,100.0,100.0,99.99999999999999
2022-12-01,178,99.99999999999997,100.0,100.0
2022-12-01,179,100.0,100.00000000000001,100.0
2022-12-01,180,100.0,99.99999999999999,100.00000000000001
2022-12-01,181,100.00000000000003,100.0,100.0
2022-12-01,182,100.0,100.0,99.99999999999999
2022-12-01,183,100.0,100.00000000000001,100.0
2022-12-01,184,100.0,99.99999999999999,100.0
2022-12-01,185,100.00000000000001,99.99999999999999,99.99999999999999
2022-12-01,187,100.00000000000001,100.00000000000003,100.0
2022-12-01,188,124.9140147825152,99.99999999999999,99.99999999999999
2022-12-01,189,99.99999999999999,100.0,100.0
2022-12-01,190,99.99999999999999,100.0,100.00000000000001
2022-12-01,197,100.0,100.00000000000001,100.0
2022-12-01,198,100.0,100.0,100.00000000000001
2022-12-01,199,100.0,100.00000000000001,100.00000000000003
2022-12-01,201,100.0,99.99999999999999,100.0
2022-12-01,202,100.0,100.0,99.99999999999999
2022-12-01,203,100.0,99.99999999999999,99.99999999999999
2022-12-01,205,100.0,100.0,99.99999999999999
2022-12-01,207,99.99999999999999,100.0,100.0
2022-12-01,209,100.0,99.99999999999999,100.0
2022-12-01,215,100.0,100.00000000000001,100.0
2022-12-01,220,100.0,100.0,100.00000000000001
2022-12-01,222,100.00000000000003,100.0,100.00000000000001
2022-12-01,223,100.0,99.99999999999999,99.99999999999999
2022-12-01,225,99.99999999999999,100.00000000000001,100.0
2022-12-01,230,100.00000000000001,100.0,100.00000000000001
2022-12-01,232,100.00000000000001,100.00000000000003,99.99999999999999
2022-12-01,235,100.00000000000001,100.0,100.0
2022-12-01,236,100.0,100.00000000000003,100.0
2022-12-01,237,100.0,100.00000000000001,99.99999999999997
2022-12-01,239,100.00000000000003,99.99999999999999,100.00000000000001
2022-12-01,240,100.0,100.0,100.00000000000001
2022-12-01,244,100.0,99.99999999999997,100.0
2022-12-01,250,100.00000000000001,100.00000000000003,100.0
2022-12-01,254,99.99999999999999,100.0,100.0
2022-12-01,256,99.99999999999999,100.00000000000001,100.0
2022-12-01,257,100.0,100.0,99.99999999999999
2022-12-01,258,100.00000000000001,100.00000000000003,100.0
2022-12-01,260,99.99999999999999,99.99999999999999,100.00000000000001
2022-12-01,262,100.00000000000001,100.0,99.99999999999999
2022-12-01,263,100.00000000000001,99.99999999999999,100.0
2022-12-01,264,99.99999999999999,100.0,100.0
2022-12-01,265,100.0,99.99999999999999,100.0
2022-12-01,266,99.99999999999999,100.0,100.0
2022-12-01,267,100.0,100.0,99.99999999999999
2022-12-01,268,100.0,100.0,99.99999999999999
2022-12-01,270,100.0,100.0,99.99999999999999
2022-12-01,271,100.0,99.99999999999999,99.99999999999999
2022-12-01,273,99.99999999999999,100.00000000000001,100.0
2022-12-01,282,100.0,100.0,99.99999999999999
2022-12-01,283,100.0,100.0,100.00000000000001
2022-12-01,285,99.99999999999999,100.0,100.00000000000001
2022-12-01,289,100.00000000000001,100.0,100.0
2022-12-01,290,100.0,100.0,100.00000000000003
2022-12-01,291,100.0,100.0,100.00000000000001
2022-12-01,297,100.0,100.0,99.99999999999999
2022-12-01,298,99.99999999999999,100.0,99.99999999999999
2022-12-01,299,99.99999999999997,100.0,100.0
2022-12-02,1,100.0,100.0,99.99999999999999
2022-12-02,2,99.99999999999999,100.0,100.0
2022-12-02,3,100.0,100.0,99.99999999999999
2022-12-02,9,100.0,100.0,99.99999999999999
2022-12-02,13,99.99999999999999,100.00000000000003,100.00000000000001
2022-12-02,14,100.00000000000001,99.99999999999999,100.0
2022-12-02,16,100.0,100.00000000000001,100.0
2022-12-02,20,99.99999999999999,99.99999999999999,100.00000000000001
2022-12-02,24,100.00000000000001,100.0,100.0
2022-12-02,28,99.99999999999999,100.0,100.0
2022-12-02,30,100.00000000000001,100.0,100.0
2022-12-02,31,100.0,100.00000000000003,100.0
2022-12-02,33,99.99999999999999,100.00000000000001,100.0
2022-12-02,36,100.0,100.0,100.00000000000001
2022-12-02,37,99.99999999999999,100.0,100.0
2022-12-02,39,100.0,99.99999999999999,100.0
2022-12-02,42,99.99999999999999,100.0,100.0
2022-12-02,43,99.99999999999999,100.0,99.99999999999999
2022-12-02,44,100.0,100.00000000000001,100.0
2022-12-02,46,100.0,99.99999999999999,100.0
2022-12-02,48,100.0,99.99999999999997,100.0
2022-12-02,50,100.0,99.99999999999999,100.0
2022-12-02,51,100.0,99.99999999999997,100.0
2022-12-02,53,99.99999999999999,100.00000000000001,99.99999999999999
2022-12-02,55,99.99999999999999,100.0,100.0
2022-12-02,56,99.99999999999997,100.0,99.99999999999999
2022-12-02,57,100.0,99.99999999999997,100.00000000000001
2022-12-02,58,100.00000000000001,100.0,99.99999999999999
2022-12-02,59,100.0,100.00000000000001,100.0
2022-12-02,60,100.00000000000001,100.0,100.0
2022-12-02,61,99.99999999999999,100.0,100.0
2022-12-02,63,100.0,99.99999999999999,100.0
2022-12-02,66,100.0,100.0,100.00000000000001
2022-12-02,67,99.99999999999999,100.0,100.0
2022-12-02,68,100.00000000000003,100.0,100.0
2022-12-02,71,100.0,100.0,99.99999999999999
2022-12-02,73,100.0,99.99999999999999,100.00000000000001
2022-12-02,78,99.99999999999999,100.0,100.0
2022-12-02,80,100.0,100.0,100.00000000000001
2022-12-02,86,100.0,100.0,99.99999999999999
2022-12-02,89,100.00000000000001,100.00000000000001,100.0
2022-12-02,91,100.00000000000001,100.0,100.0
2022-12-02,94,100.0,99.99999999999999,100.0
2022-12-02,95,100.0,100.00000000000001,100.0
2022-12-02,98,99.99999999999999,100.00000000000001,100.0
2022-12-02,101,100.00000000000001,100.0,99.99999999999999
2022-12-02,102,100.0,100.0,99.99999999999999
2022-12-02,104,100.0,100.0,100.00000000000001
2022-12-02,105,100.0,100.0,99.99999999999997
2022-12-02,111,99.99999999999999,100.0,100.00000000000001
2022-12-02,112,100.0,100.0,100.00000000000001
2022-12-02,116,100.0,100.0,99.99999999999999
2022-12-02,117,100.0,99.99999999999999,100.0
2022-12-02,118,100.0,100.00000000000001,100.0
2022-12-02,119,100.0,100.00000000000001,100.0
2022-12-02,120,99.99999999999999,100.0,100.0
2022-12-02,121,100.00000000000001,100.0,99.99999999999999
2022-12-02,123,100.0,100.00000000000001,100.0
2022-12-02,126,100.0,99.99999999999999,100.0
2022-12-02,128,99.99999999999999,100.0,100.00000000000001
2022-12-02,132,131.27569053183214,100.00000000000001,100.0
2022-12-02,138,100.0,100.0,100.00000000000001
2022-12-02,141,100.0,100.0,100.00000000000001
2022-12-02,142,99.99999999999999,100.0,100.0
2022-12-02,148,100.0,99.99999999999999,100.00000000000001
2022-12-02,149,99.99999999999999,100.0,100.0
2022-12-02,151,100.0,100.00000000000001,100.00000000000001
2022-12-02,155,100.00000000000001,99.99999999999999,100.0
2022-12-02,156,100.0,100.0,100.00000000000001
2022-12-02,157,100.00000000000001,100.0,100.0
2022-12-02,158,99.99999999999999,100.0,100.00000000000001
2022-12-02,159,99.99999999999999,100.00000000000001,100.00000000000003
2022-12-02,162,100.00000000000001,100.0,100.0
2022-12-02,163,100.0,100.00000000000001,99.99999999999999
2022-12-02,167,100.00000000000001,100.0,100.0
2022-12-02,169,99.99999999999999,100.0,100.0
2022-12-02,170,100.0,100.0,100.00000000000001
2022-12-02,173,100.00000000000003,100.00000000000001,100.0
2022-12-02,174,100.0,100.0,100.00000000000003
2022-12-02,175,100.00000000000001,100.00000000000001,100.0
2022-12-02,177,100.0,100.0,99.99999999999999
2022-12-02,179,100.0,100.00000000000001,100.0
2022-12-02,180,100.0,99.99999999999999,100.00000000000001
2022-12-02,181,100.00000000000003,100.0,100.0
2022-12-02,182,100.0,100.0,99.99999999999999
2022-12-02,183,100.0,100.00000000000001,100.0
2022-12-02,184,100.0,99.99999999999999,100.0
2022-12-02,185,100.00000000000001,99.99999999999999,99.99999999999999
2022-12-02,187,100.00000000000001,100.00000000000003,100.0
2022-12-02,188,100.00000000000001,99.99999999999999,99.99999999999999
2022-12-02,189,99.99999999999999,100.0,100.0
2022-12-02,190,99.99999999999999,100.0,100.00000000000001
2022-12-02,191,100.00000000000001,100.0,100.0
2022-12-02,197,100.0,100.00000000000001,100.0
2022-12-02,198,100.0,100.0,100.00000000000001
2022-12-02,199,99.99999999999999,100.0,100.00000000000001
2022-12-02,201,100.0,99.99999999999999,100.0
2022-12-02,202,100.0,100.0,99.99999999999999
2022-12-02,203,100.0,99.99999999999999,99.99999999999999
2022-12-02,205,100.0,100.0,99.99999999999999
2022-12-02,207,99.99999999999999,100.0,100.0
2022-12-02,209,100.0,99.99999999999999,100.0
2022-12-02,215,100.0,100.00000000000001,100.0
2022-12-02,220,100.0,100.0,100.00000000000001
2022-12-02,222,100.00000000000003,100.0,100.00000000000001
2022-12-02,223,100.0,99.99999999999999,99.99999999999999
2022-12-02,225,99.99999999999999,100.00000000000001,100.0
2022-12-02,230,100.00000000000001,100.0,100.00000000000001
2022-12-02,234,100.00000000000001,99.99999999999999,99.99999999999999
2022-12-02,235,100.00000000000001,100.0,100.0
2022-12-02,236,100.0,100.00000000000003,100.0
2022-12-02,237,100.0,100.00000000000001,99.99999999999997
2022-12-02,239,100.00000000000003,99.99999999999999,100.00000000000001
2022-12-02,240,100.0,100.0,100.00000000000001
2022-12-02,244,100.0,99.99999999999997,100.0
2022-12-02,250,100.00000000000001,100.00000000000003,100.0
2022-12-02,254,99.99999999999999,100.0,100.0
2022-12-02,256,99.99999999999999,100.00000000000001,100.0
2022-12-02,258,100.00000000000001,100.00000000000003,100.0
2022-12-02,260,99.99999999999999,99.99999999999999,100.00000000000001
2022-12-02,262,100.00000000000001,100.0,99.99999999999999
2022-12-02,263,99.99999999999999,99.99999999999999,100.0
2022-12-02,264,99.99999999999999,100.0,100.0
2022-12-02,265,100.0,99.99999999999999,100.0
2022-12-02,266,99.99999999999999,100.0,100.0
2022-12-02,267,100.0,100.0,99.99999999999999
2022-12-02,268,100.0,100.0,99.99999999999999
2022-12-02,270,100.0,100.0,99.99999999999999
2022-12-02,271,100.0,99.99999999999999,99.99999999999999
2022-12-02,273,99.99999999999999,100.00000000000001,100.0
2022-12-02,279,100.00000000000001,100.0,100.0
2022-12-02,282,100.0,100.0,99.99999999999999
2022-12-02,283,100.0,100.0,100.00000000000001
2022-12-02,285,99.99999999999999,100.0,100.00000000000001
2022-12-02,287,100.0,100.00000000000001,100.0
2022-12-02,289,100.00000000000001,100.0,100.0
2022-12-02,290,100.0,100.0,100.00000000000003
2022-12-02,291,100.0,100.0,100.00000000000001
2022-12-02,297,100.0,100.0,99.99999999999999
2022-12-02,298,99.99999999999999,100.0,99.99999999999999
2022-12-02,299,100.00000000000001,100.0,99.99999999999997
2022-12-03,1,100.0,100.0,99.99999999999999
2022-12-03,2,99.99999999999999,100.0,100.0
2022-12-03,3,100.0,100.0,99.99999999999999
2022-12-03,9,100.0,100.0,99.99999999999999
2022-12-03,13,99.99999999999999,100.00000000000003,100.00000000000001
2022-12-03,16,100.0,100.00000000000001,100.0
2022-12-03,20,99.99999999999999,99.99999999999999,100.00000000000001
2022-12-03,24,100.00000000000001,100.0,100.0
2022-12-03,28,99.99999999999999,100.0,100.0
2022-12-03,30,100.00000000000001,100.0,100.0
2022-12-03,31,100.0,100.00000000000003,100.0
2022-12-03,33,99.99999999999999,100.00000000000001,100.0
2022-12-03,36,100.0,100.0,100.00000000000001
2022-12-03,37,99.99999999999999,100.0,100.0
2022-12-03,39,100.0,99.99999999999999,100.0
2022-12-03,42,99.99999999999999,100.0,100.0
2022-12-03,43,99.99999999999999,100.0,99.99999999999999
2022-12-03,44,100.0,100.00000000000001,100.0
2022-12-03,46,100.00000000000003,100.0,100.0
2022-12-03,48,100.0,99.99999999999997,100.0
2022-12-03,50,100.0,99.99999999999999,100.0
2022-12-03,51,100.0,99.99999999999997,100.0
2022-12-03,53,99.99999999999999,100.00000000000001,99.99999999999999
2022-12-03,55,99.99999999999999,100.0,100.0
2022-12-03,56,99.99999999999997,100.0,99.99999999999999
2022-12-03,57,100.0,99.99999999999997,100.00000000000001
2022-12-03,59,100.0,100.00000000000001,100.0
2022-12-03,60,100.00000000000001,100.0,100.0
2022-12-03,61,99.99999999999999,100.0,100.0
2022-12-03,63,100.0,99.99999999999999,100.0
2022-12-03,67,99.99999999999999,100.0,100.0
2022-12-03,70,100.0,99.99999999999996,100.0
2022-12-03,71,100.0,100.0,99.99999999999999
2022-12-03,73,100.0,99.99999999999999,100.00000000000001
2022-12-03,78,99.99999999999999,100.0,100.0
2022-12-03,80,100.0,100.0,100.00000000000001
2022-12-03,86,100.0,100.0,99.99999999999999
2022-12-03,89,100.00000000000001,100.00000000000001,100.0
2022-12-03,91,100.00000000000001,100.0,100.0
2022-12-03,94,100.0,99.99999999999999,100.0
2022-12-03,95,100.0,100.00000000000001,100.0
2022-12-03,98,99.99999999999999,100.00000000000001,100.0
2022-12-03,101,100.00000000000001,100.0,99.99999999999999
2022-12-03,104,100.0,100.0,100.00000000000001
2022-12-03,105,100.0,100.0,99.99999999999997
2022-12-03,111,99.99999999999999,100.0,100.00000000000001
2022-12-03,112,100.0,100.0,100.00000000000001
2022-12-03,117,100.0,99.99999999999999,100.0
2022-12-03,118,100.0,100.00000000000001,100.0
2022-12-03,120,99.99999999999999,100.0,100.0
2022-12-03,121,100.00000000000001,100.0,99.99999999999999
2022-12-03,126,100.0,99.99999999999999,100.0
2022-12-03,128,99.99999999999999,100.0,100.00000000000001
2022-12-03,129,100.00000000000001,100.0,100.00000000000001
2022-12-03,132,100.0,143.58650550226696,100.0
2022-12-03,137,100.0,99.99999999999999,100.0
2022-12-03,141,100.0,100.0,100.00000000000001
2022-12-03,148,100.0,99.99999999999999,100.00000000000001
2022-12-03,149,99.99999999999999,100.0,100.0
2022-12-03,151,100.0,100.00000000000001,100.00000000000001
2022-12-03,155,100.00000000000001,99.99999999999999,100.0
2022-12-03,156,100.0,100.0,100.00000000000001
2022-12-03,157,100.00000000000001,100.0,100.0
2022-12-03,158,99.99999999999999,100.0,100.00000000000001
2022-12-03,159,99.99999999999999,100.00000000000001,100.00000000000003
2022-12-03,163,100.0,100.00000000000001,99.99999999999999
2022-12-03,167,100.00000000000001,100.0,100.0
2022-12-03,169,99.99999999999999,100.0,100.0
2022-12-03,170,100.0,100.0,100.00000000000001
2022-12-03,173,100.00000000000003,100.00000000000001,100.0
2022-12-03,174,100.0,100.0,100.00000000000003
2022-12-03,175,100.00000000000001,100.00000000000001,100.0
2022-12-03,177,100.0,100.0,99.99999999999999
2022-12-03,179,100.0,100.0,100.00000000000001
2022-12-03,180,100.0,99.99999999999999,100.00000000000001
2022-12-03,181,100.00000000000003,100.0,100.0
2022-12-03,182,100.0,100.0,99.99999999999999
2022-12-03,184,100.0,99.99999999999999,100.0
2022-12-03,185,100.00000000000001,99.99999999999999,99.99999999999999
2022-12-03,187,100.00000000000001,100.00000000000003,100.0
2022-12-03,188,100.00000000000001,99.99999999999999,99.99999999999999
2022-12-03,189,99.99999999999999,100.0,100.0
2022-12-03,190,99.99999999999999,100.0,100.00000000000001
2022-12-03,191,100.00000000000001,100.0,100.0
2022-12-03,197,100.0,100.00000000000001,100.0
2022-12-03,198,100.0,100.0,100.00000000000001
2022-12-03,199,99.99999999999999,100.0,100.00000000000001
2022-12-03,200,100.00000000000003,99.99999999999999,99.99999999999999
2022-12-03,201,100.0,99.99999999999999,100.0
2022-12-03,202,100.0,100.0,99.99999999999999
2022-12-03,203,100.0,99.99999999999999,99.99999999999999
2022-12-03,207,99.99999999999999,100.0,100.0
2022-12-03,209,100.0,99.99999999999999,100.0
2022-12-03,215,100.0,100.00000000000001,100.0
2022-12-03,222,100.00000000000003,100.0,100.00000000000001
2022-12-03,223,100.0,99.99999999999999,99.99999999999999
2022-12-03,225,99.99999999999999,100.00000000000001,100.0
2022-12-03,234,100.00000000000001,99.99999999999999,99.99999999999999
2022-12-03,236,100.0,100.00000000000003,100.0
2022-12-03,237,100.0,100.00000000000001,99.99999999999997
2022-12-03,239,100.00000000000003,99.99999999999999,100.00000000000001
2022-12-03,240,100.0,100.0,100.00000000000001
2022-12-03,244,100.0,99.99999999999997,100.0
2022-12-03,250,100.00000000000001,100.00000000000003,100.0
2022-12-03,252,100.0,100.0,99.99999999999999
2022-12-03,254,99.99999999999999,100.0,100.0
2022-12-03,256,99.99999999999999,100.00000000000001,100.0
2022-12-03,258,100.00000000000001,100.00000000000003,100.0
2022-12-03,260,99.99999999999999,99.99999999999999,100.00000000000001
2022-12-03,263,99.99999999999999,99.99999999999999,100.0
2022-12-03,264,99.99999999999999,100.0,100.0
2022-12-03,265,100.0,99.99999999999999,100.0
2022-12-03,266,99.99999999999999,100.0,100.0
2022-12-03,267,100.0,100.0,99.99999999999999
2022-12-03,268,100.0,100.0,99.99999999999999
2022-12-03,270,100.0,99.99999999999999,100.0
2022-12-03,271,100.0,99.99999999999999,99.99999999999999
2022-12-03,273,99.99999999999999,100.00000000000001,100.0
2022-12-03,279,100.00000000000001,100.0,100.0
2022-12-03,282,100.0,100.0,99.99999999999999
2022-12-03,283,100.0,100.0,100.00000000000001
2022-12-03,285,99.99999999999999,100.0,100.00000000000001
2022-12-03,287,100.0,100.00000000000001,100.0
2022-12-03,289,100.00000000000001,100.0,100.0
2022-12-03,290,100.0,100.0,100.00000000000003
2022-12-03,291,100.0,100.0,100.00000000000001
2022-12-03,297,100.0,100.0,99.99999999999999
2022-12-03,298,99.99999999999999,100.0,99.99999999999999
2022-12-03,299,100.00000000000001,100.0,99.99999999999997
2022-12-04,1,100.0,100.0,99.99999999999999
2022-12-04,2,99.99999999999999,100.0,100.0
2022-12-04,3,100.0,100.0,99.99999999999999
2022-12-04,9,100.0,100.0,99.99999999999999
2022-12-04,13,99.99999999999999,100.00000000000003,100.00000000000001
2022-12-04,16,100.0,100.00000000000001,100.0
2022-12-04,20,99.99999999999999,99.99999999999999,100.00000000000001
2022-12-04,23,100.0,100.0,100.00000000000001
2022-12-04,24,100.00000000000001,100.0,100.0
2022-12-04,28,99.99999999999999,100.0,100.0
2022-12-04,30,100.00000000000001,100.0,100.0
2022-12-04,31,100.00000000000001,100.0,100.0
2022-12-04,36,100.0,100.0,100.00000000000001
2022-12-04,37,99.99999999999999,100.0,100.0
2022-12-04,39,100.0,99.99999999999999,100.0
2022-12-04,42,99.99999999999999,100.0,100.0
2022-12-04,43,100.0,99.99999999999999,100.0
2022-12-04,44,100.0,100.00000000000001,100.0
2022-12-04,46,100.00000000000003,100.0,100.0
2022-12-04,48,100.0,99.99999999999997,100.0
2022-12-04,50,100.0,99.99999999999999,100.0
2022-12-04,51,100.0,99.99999999999997,100.0
2022-12-04,53,99.99999999999999,100.00000000000001,99.99999999999999
2022-12-04,55,99.99999999999999,100.0,100.0
2022-12-04,56,99.99999999999997,100.0,99.99999999999999
2022-12-04,57,100.0,99.99999999999997,100.00000000000001
2022-12-04,59,100.0,100.00000000000001,100.0
2022-12-04,60,100.00000000000001,100.0,100.0
2022-12-04,61,99.99999999999999,100.0,100.0
2022-12-04,63,100.0,99.99999999999999,100.0
2022-12-04,67,99.99999999999999,100.0,100.0
2022-12-04,70,100.0,99.99999999999996,100.0
2022-12-04,71,100.0,100.0,139.5071134067669
2022-12-04,73,100.0,99.99999999999999,100.00000000000001
2022-12-04,78,99.99999999999999,100.0,100.0
2022-12-04,79,100.00000000000001,100.0,100.00000000000001
2022-12-04,80,100.0,100.0,100.00000000000001
2022-12-04,86,100.0,100.0,99.99999999999999
2022-12-04,88,100.0,99.99999999999999,99.99999999999999
2022-12-04,89,100.00000000000001,100.00000000000001,100.0
2022-12-04,91,100.00000000000001,100.0,100.0
2022-12-04,94,100.0,99.99999999999999,100.0
2022-12-04,95,100.0,100.00000000000001,100.0
2022-12-04,98,100.0,100.0,100.00000000000001
2022-12-04,101,100.00000000000001,100.0,99.99999999999999
2022-12-04,104,100.0,100.0,100.00000000000001
2022-12-04,105,100.0,100.0,99.99999999999997
2022-12-04,111,99.99999999999999,100.0,100.00000000000001
2022-12-04,112,100.0,100.0,100.00000000000001
2022-12-04,117,100.0,99.99999999999999,100.0
2022-12-04,118,100.0,100.00000000000001,100.0
2022-12-04,120,99.99999999999999,100.0,100.0
2022-12-04,121,100.00000000000001,100.0,99.99999999999999
2022-12-04,128,99.99999999999999,100.0,100.00000000000001
2022-12-04,129,100.00000000000001,100.0,100.00000000000001
2022-12-04,137,100.0,99.99999999999999,100.0
2022-12-04,141,100.0,100.0,100.00000000000001
2022-12-04,148,99.99999999999999,100.0,100.0
2022-12-04,149,99.99999999999999,100.0,100.0
2022-12-04,150,99.99999999999999,100.00000000000001,100.0
2022-12-04,155,100.00000000000001,99.99999999999999,100.0
2022-12-04,156,100.0,100.0,100.00000000000001
2022-12-04,157,100.00000000000001,100.0,100.0
2022-12-04,158,99.99999999999999,100.0,100.00000000000001
2022-12-04,163,100.0,100.00000000000001,99.99999999999999
2022-12-04,167,100.00000000000001,100.0,100.0
2022-12-04,168,100.0,100.0,99.99999999999999
2022-12-04,170,100.0,100.0,100.00000000000001
2022-12-04,173,100.00000000000003,100.00000000000001,100.0
2022-12-04,174,100.0,100.0,100.00000000000003
2022-12-04,175,100.00000000000001,100.00000000000001,100.0
2022-12-04,177,100.0,100.0,99.99999999999999
2022-12-04,179,100.0,100.0,100.00000000000001
2022-12-04,181,100.00000000000003,100.0,100.0
2022-12-04,182,100.0,100.0,99.99999999999999
2022-12-04,184,99.99999999999997,100.0,100.0
2022-12-04,185,100.00000000000001,99.99999999999999,99.99999999999999
2022-12-04,187,100.00000000000001,100.00000000000003,100.0
2022-12-04,188,65.99039507694296,99.99999999999999,99.99999999999999
2022-12-04,189,99.99999999999999,100.0,100.0
2022-12-04,190,99.99999999999999,100.0,100.00000000000001
2022-12-04,191,100.00000000000001,100.0,100.0
2022-12-04,197,100.0,100.00000000000001,100.0
2022-12-04,198,100.0,100.0,100.00000000000001
2022-12-04,199,99.99999999999999,100.0,100.00000000000001
2022-12-04,200,100.00000000000003,99.99999999999999,99.99999999999999
2022-12-04,201,100.0,99.99999999999999,100.0
2022-12-04,202,100.0,100.0,99.99999999999999
2022-12-04,203,100.0,99.99999999999999,99.99999999999999
2022-12-04,207,99.99999999999999,100.0,100.0
2022-12-04,209,100.0,99.99999999999999,100.0
2022-12-04,222,100.00000000000003,100.0,100.00000000000001
2022-12-04,223,100.0,99.99999999999999,99.99999999999999
2022-12-04,225,99.99999999999999,100.00000000000001,100.0
2022-12-04,234,100.00000000000001,99.99999999999999,99.99999999999999
2022-12-04,236,100.0,100.00000000000003,100.0
2022-12-04,237,100.0,100.00000000000001,99.99999999999997
2022-12-04,239,100.00000000000003,99.99999999999999,100.00000000000001
2022-12-04,240,100.0,100.0,100.00000000000001
2022-12-04,244,100.0,99.99999999999997,100.0
2022-12-04,249,99.99999999999999,99.99999999999999,100.00000000000001
2022-12-04,252,100.0,100.0,99.99999999999999
2022-12-04,254,99.99999999999999,100.0,100.0
2022-12-04,256,99.99999999999999,100.00000000000001,100.0
2022-12-04,258,100.00000000000001,100.00000000000003,100.0
2022-12-04,260,99.99999999999999,99.99999999999999,100.00000000000001
2022-12-04,263,99.99999999999999,99.99999999999999,100.0
2022-12-04,264,99.99999999999999,100.0,100.0
2022-12-04,265,100.0,99.99999999999999,100.0
2022-12-04,266,99.99999999999999,100.0,100.0
2022-12-04,267,100.0,100.0,99.99999999999999
2022-12-04,268,100.0,100.0,99.99999999999999
2022-12-04,270,100.0,99.99999999999999,100.0
2022-12-04,271,100.0,99.99999999999999,99.99999999999999
2022-12-04,273,99.99999999999999,100.00000000000001,100.0
2022-12-04,275,100.0,99.99999999999999,100.0
2022-12-04,279,100.00000000000001,100.0,100.0
2022-12-04,282,100.0,100.0,99.99999999999999
2022-12-04,283,100.0,100.0,100.00000000000001
2022-12-04,285,99.99999999999999,100.0,100.00000000000001
2022-12-04,286,100.0,99.99999999999997,100.00000000000001
2022-12-04,287,100.0,100.00000000000001,100.0
2022-12-04,289,100.00000000000001,100.0,100.0
2022-12-04,290,100.0,100.0,100.00000000000003
2022-12-04,291,100.0,100.0,100.00000000000001
2022-12-04,297,100.0,100.0,99.99999999999999
2022-12-04,298,99.99999999999999,100.0,99.99999999999999
2022-12-04,299,100.00000000000001,100.0,99.99999999999997
2022-12-05,1,100.0,100.0,99.99999999999999
2022-12-05,2,99.99999999999999,100.0,100.0
2022-12-05,3,100.0,100.0,99.99999999999999
2022-12-05,4,100.0,100.0,100.00000000000003
2022-12-05,9,100.0,100.0,99.99999999999999
2022-12-05,13,99.99999999999999,100.00000000000003,100.00000000000001
2022-12-05,16,100.0,100.00000000000001,100.0
2022-12-05,20,99.99999999999999,99.99999999999999,100.00000000000001
2022-12-05,23,100.0,100.0,100.00000000000001
2022-12-05,24,100.00000000000001,100.0,100.0
2022-12-05,28,99.99999999999999,100.0,100.0
2022-12-05,30,100.00000000000001,100.0,100.0
2022-12-05,31,100.00000000000001,100.0,100.0
2022-12-05,36,100.0,100.0,100.00000000000001
2022-12-05,37,99.99999999999999,100.0,100.0
2022-12-05,39,100.0,99.99999999999999,100.0
2022-12-05,42,99.99999999999999,100.0,100.0
2022-12-05,43,100.0,99.99999999999999,100.0
2022-12-05,44,100.0,100.00000000000001,100.0
2022-12-05,46,100.00000000000003,100.0,100.0
2022-12-05,48,100.0,99.99999999999997,100.0
2022-12-05,50,100.0,99.99999999999999,100.0
2022-12-05,51,100.0,99.99999999999997,100.0
2022-12-05,53,99.99999999999999,100.00000000000001,99.99999999999999
2022-12-05,55,99.99999999999999,100.0,100.0
2022-12-05,57,100.0,99.99999999999997,100.00000000000001
2022-12-05,59,100.0,100.00000000000001,100.0
2022-12-05,60,100.00000000000001,100.0,100.0
2022-12-05,61,99.99999999999999,100.0,100.0
2022-12-05,63,100.0,99.99999999999999,100.0
2022-12-05,67,99.99999999999999,100.0,100.0
2022-12-05,70,100.0,99.99999999999996,100.0
2022-12-05,71,100.0,100.0,99.99999999999999
2022-12-05,73,100.0,99.99999999999999,100.00000000000001
2022-12-05,78,99.99999999999999,100.0,100.0
2022-12-05,79,100.00000000000001,100.0,100.00000000000001
2022-12-05,80,100.0,100.0,100.00000000000001
2022-12-05,86,100.0,100.0,99.99999999999999
2022-12-05,88,100.0,99.99999999999999,99.99999999999999
2022-12-05,89,100.00000000000001,100.00000000000001,100.0
2022-12-05,91,100.00000000000001,100.0,100.0
2022-12-05,94,100.0,99.99999999999999,100.0
2022-12-05,95,100.0,100.00000000000001,100.0
2022-12-05,98,100.0,100.0,100.00000000000001
2022-12-05,101,100.00000000000001,100.0,99.99999999999999
2022-12-05,104,100.0,100.0,100.00000000000001
2022-12-05,105,100.0,100.0,99.99999999999997
2022-12-05,112,100.0,100.0,100.00000000000001
2022-12-05,117,100.0,99.99999999999999,100.0
2022-12-05,118,100.0,100.00000000000001,100.0
2022-12-05,120,99.99999999999999,100.0,100.0
2022-12-05,121,100.00000000000001,100.0,99.99999999999999
2022-12-05,129,100.00000000000001,100.0,100.00000000000001
2022-12-05,130,99.99999999999997,100.0,100.00000000000001
2022-12-05,137,100.0,99.99999999999999,100.0
2022-12-05,140,100.0,100.0,100.00000000000001
2022-12-05,141,100.0,100.0,100.00000000000001
2022-12-05,148,99.99999999999999,100.0,100.0
2022-12-05,149,99.99999999999999,100.0,100.0
2022-12-05,150,99.99999999999999,100.00000000000001,100.0
2022-12-05,155,100.00000000000001,99.99999999999999,100.0
2022-12-05,156,100.0,100.0,100.00000000000001
2022-12-05,158,99.99999999999999,100.0,100.00000000000001
2022-12-05,163,100.0,100.00000000000001,99.99999999999999
2022-12-05,167,100.00000000000001,100.0,100.0
2022-12-05,168,100.0,100.0,99.99999999999999
2022-12-05,170,100.0,100.0,100.00000000000001
2022-12-05,173,100.00000000000003,100.00000000000001,100.0
2022-12-05,175,100.00000000000001,100.00000000000001,100.0
2022-12-05,177,100.0,100.0,99.99999999999999
2022-12-05,179,100.0,100.0,100.00000000000001
2022-12-05,181,100.00000000000003,100.0,100.0
2022-12-05,182,100.0,100.0,99.99999999999999
2022-12-05,184,99.99999999999997,100.0,100.0
2022-12-05,187,100.00000000000001,100.00000000000003,100.0
2022-12-05,188,100.00000000000001,99.99999999999999,99.99999999999999
2022-12-05,189,99.99999999999999,100.0,100.0
2022-12-05,190,99.99999999999999,100.0,100.00000000000001
2022-12-05,191,100.00000000000001,100.0,100.0
2022-12-05,196,100.0,160.50047182220345,100.0
2022-12-05,197,100.0,100.00000000000001,100.0
2022-12-05,198,100.0,100.0,100.00000000000001
2022-12-05,199,99.99999999999999,100.0,100.00000000000001
2022-12-05,200,100.00000000000003,99.99999999999999,99.99999999999999
2022-12-05,201,100.0,99.99999999999999,100.0
2022-12-05,202,100.0,100.0,99.99999999999999
2022-12-05,203,100.0,99.99999999999999,99.99999999999999
2022-12-05,207,99.99999999999999,100.0,100.0
2022-12-05,209,100.0,99.99999999999999,100.0
2022-12-05,221,99.99999999999999,100.0,100.0
2022-12-05,222,100.00000000000003,100.0,100.00000000000001
2022-12-05,223,100.0,99.99999999999999,99.99999999999999
2022-12-05,225,99.99999999999999,100.00000000000001,100.0
2022-12-05,227,100.00000000000001,100.0,100.0
2022-12-05,233,100.0,99.99999999999999,100.00000000000001
2022-12-05,234,100.00000000000001,99.99999999999999,99.99999999999999
2022-12-05,236,100.0,100.00000000000003,100.0
2022-12-05,237,100.0,100.00000000000001,99.99999999999997
2022-12-05,240,100.0,100.0,100.00000000000001
2022-12-05,244,100.0,99.99999999999997,100.0
2022-12-05,249,99.99999999999999,99.99999999999999,100.00000000000001
2022-12-05,252,100.0,100.0,99.99999999999999
2022-12-05,253,92.67851829285686,100.0,100.0
2022-12-05,254,99.99999999999999,100.0,100.0
2022-12-05,256,99.99999999999999,100.00000000000001,100.0
2022-12-05,258,100.00000000000001,100.00000000000003,100.0
2022-12-05,260,99.99999999999999,99.99999999999999,100.00000000000001
2022-12-05,263,99.99999999999999,99.99999999999999,100.0
2022-12-05,265,100.0,99.99999999999999,100.0
2022-12-05,266,99.99999999999999,100.0,100.0
2022-12-05,267,100.0,100.0,99.99999999999999
2022-12-05,268,100.0,100.0,99.99999999999999
2022-12-05,270,100.0,99.99999999999999,100.0
2022-12-05,271,100.0,99.99999999999999,99.99999999999999
2022-12-05,273,99.99999999999999,100.00000000000001,100.0
2022-12-05,275,100.0,99.99999999999999,100.0
2022-12-05,279,100.00000000000001,100.0,100.0
2022-12-05,282,100.0,100.0,99.99999999999999
2022-12-05,283,85.40542161453902,100.0,100.00000000000001
2022-12-05,285,99.99999999999999,100.0,100.00000000000001
2022-12-05,286,100.0,99.99999999999997,100.00000000000001
2022-12-05,287,100.0,100.00000000000001,100.0
2022-12-05,289,100.00000000000001,100.0,66.34390622839209
2022-12-05,290,100.0,100.0,100.00000000000003
2022-12-05,291,100.0,100.0,100.00000000000001
2022-12-05,297,100.0,100.0,99.99999999999999
2022-12-05,299,100.00000000000001,100.0,99.99999999999997
2022-12-06,1,100.0,100.0,99.99999999999999
2022-12-06,2,99.99999999999999,100.0,100.0
2022-12-06,3,99.99999999999997,100.0,100.0
2022-12-06,4,100.0,100.0,100.00000000000003
2022-12-06,9,100.00000000000001,100.0,100.0
2022-12-06,13,99.99999999999999,100.00000000000003,100.00000000000001
2022-12-06,16,100.0,100.00000000000001,100.0
2022-12-06,20,99.99999999999999,99.99999999999999,100.00000000000001
2022-12-06,23,100.0,100.0,100.00000000000001
2022-12-06,30,100.00000000000001,100.0,100.0
2022-12-06,31,100.00000000000001,100.0,100.0
2022-12-06,36,100.0,100.0,100.00000000000001
2022-12-06,37,99.99999999999999,100.0,100.0
2022-12-06,39,100.0,99.99999999999999,100.0
2022-12-06,43,100.0,99.99999999999999,100.0
2022-12-06,44,100.0,100.00000000000001,100.0
2022-12-06,46,100.00000000000003,100.0,100.0
2022-12-06,48,100.0,99.99999999999997,100.0
2022-12-06,50,100.0,99.99999999999999,100.0
2022-12-06,51,100.0,99.99999999999997,100.0
2022-12-06,53,99.99999999999999,100.00000000000001,99.99999999999999
2022-12-06,55,99.99999999999999,100.0,100.0
2022-12-06,57,100.0,99.99999999999997,100.00000000000001
2022-12-06,59,100.0,100.00000000000001,100.0
2022-12-06,60,100.00000000000001,100.0,100.0
2022-12-06,61,99.99999999999999,100.0,100.0
2022-12-06,63,100.0,99.99999999999999,100.0
2022-12-06,67,99.99999999999999,100.0,100.0
2022-12-06,70,100.0,99.99999999999996,100.0
2022-12-06,71,100.0,100.0,99.99999999999999
2022-12-06,73,100.0,99.99999999999999,100.00000000000001
2022-12-06,77,99.99999999999999,100.00000000000001,100.0
2022-12-06,78,99.99999999999999,100.0,100.0
2022-12-06,79,100.00000000000001,100.0,100.00000000000001
2022-12-06,80,100.0,100.0,100.00000000000001
2022-12-06,86,100.0,100.0,99.99999999999999
2022-12-06,88,100.0,99.99999999999999,99.99999999999999
2022-12-06,89,100.00000000000001,100.00000000000001,100.0
2022-12-06,90,100.0,100.0,4.419473249436079
2022-12-06,91,100.00000000000001,100.0,100.0
2022-12-06,94,100.0,99.99999999999999,100.0
2022-12-06,95,100.0,100.00000000000001,100.0
2022-12-06,98,100.0,100.0,100.00000000000001
2022-12-06,101,100.00000000000001,100.0,99.99999999999999
2022-12-06,104,100.0,100.0,100.00000000000001
2022-12-06,105,100.0,100.0,99.99999999999997
2022-12-06,117,100.0,99.99999999999999,100.0
2022-12-06,118,100.0,100.00000000000001,100.0
2022-12-06,120,100.00000000000001,100.0,100.0
2022-12-06,121,100.00000000000001,100.0,99.99999999999999
2022-12-06,129,100.00000000000001,100.0,100.00000000000001
2022-12-06,130,99.99999999999997,100.0,100.00000000000001
2022-12-06,137,100.0,99.99999999999999,100.0
2022-12-06,140,100.0,100.0,100.00000000000001
2022-12-06,141,100.0,100.0,100.00000000000001
2022-12-06,146,100.0,99.99999999999999,100.0
2022-12-06,148,99.99999999999999,100.0,100.0
2022-12-06,149,99.99999999999999,100.0,100.0
2022-12-06,150,99.99999999999999,100.00000000000001,100.0
2022-12-06,154,100.0,99.99999999999997,100.0
2022-12-06,155,100.00000000000001,99.99999999999999,100.0
2022-12-06,158,99.99999999999999,100.0,100.00000000000001
2022-12-06,163,100.0,100.00000000000001,99.99999999999999
2022-12-06,167,100.00000000000001,100.0,100.0
2022-12-06,168,100.0,100.0,99.99999999999999
2022-12-06,170,100.0,100.0,100.00000000000001
2022-12-06,173,100.0,100.0,100.00000000000001
2022-12-06,175,100.00000000000001,100.00000000000001,100.0
2022-12-06,177,100.0,100.0,99.99999999999999
2022-12-06,179,100.0,100.0,100.00000000000001
2022-12-06,181,100.00000000000003,100.0,100.0
2022-12-06,182,100.0,100.0,100.00000000000001
2022-12-06,184,99.99999999999997,100.0,100.0
2022-12-06,187,100.00000000000001,100.00000000000003,100.0
2022-12-06,188,100.00000000000001,99.99999999999999,99.99999999999999
2022-12-06,189,99.99999999999999,100.0,100.0
2022-12-06,190,99.99999999999999,100.0,100.00000000000001
2022-12-06,191,100.00000000000001,100.0,100.0
2022-12-06,197,100.0,100.00000000000001,100.0
2022-12-06,198,100.0,100.0,100.00000000000001
2022-12-06,199,99.99999999999999,100.0,100.00000000000001
2022-12-06,200,100.00000000000003,99.99999999999999,99.99999999999999
2022-12-06,201,100.0,99.99999999999999,100.0
2022-12-06,202,100.0,100.0,99.99999999999999
2022-12-06,203,100.0,99.99999999999999,99.99999999999999
2022-12-06,206,100.00000000000001,100.0,100.0
2022-12-06,207,99.99999999999999,100.0,100.0
2022-12-06,209,100.0,99.99999999999999,100.0
2022-12-06,221,99.99999999999999,100.0,100.0
2022-12-06,222,100.00000000000003,100.0,100.00000000000001
2022-12-06,223,100.0,99.99999999999999,99.99999999999999
2022-12-06,225,99.99999999999999,100.00000000000001,100.0
2022-12-06,227,100.00000000000001,100.0,100.0
2022-12-06,233,100.0,99.99999999999999,100.00000000000001
2022-12-06,234,100.00000000000001,99.99999999999999,99.99999999999999
2022-12-06,236,100.0,100.00000000000003,100.0
2022-12-06,237,100.0,100.00000000000001,99.99999999999997
2022-12-06,238,100.0,99.99999999999999,100.0
2022-12-06,240,100.0,99.99999999999999,99.99999999999999
2022-12-06,244,100.00000000000001,99.99999999999999,100.0
2022-12-06,249,99.99999999999999,99.99999999999999,100.00000000000001
2022-12-06,252,100.0,100.0,99.99999999999999
2022-12-06,254,99.99999999999999,100.0,100.0
2022-12-06,258,100.00000000000001,100.00000000000003,100.0
2022-12-06,260,100.0,100.0,100.00000000000003
2022-12-06,263,99.99999999999999,99.99999999999999,100.0
2022-12-06,265,100.0,99.99999999999999,100.0
2022-12-06,266,99.99999999999999,100.0,100.0
2022-12-06,267,100.0,100.0,99.99999999999999
2022-12-06,268,100.0,100.0,99.99999999999999
2022-12-06,269,99.99999999999999,100.0,100.0
2022-12-06,270,100.0,99.99999999999999,100.0
2022-12-06,271,100.0,99.99999999999999,99.99999999999999
2022-12-06,273,99.99999999999999,100.0,100.00000000000001
2022-12-06,275,100.0,99.99999999999999,100.0
2022-12-06,279,100.00000000000001,100.0,100.0
2022-12-06,280,99.99999999999999,100.0,100.0
2022-12-06,282,100.0,100.0,99.99999999999999
2022-12-06,283,100.0,100.0,100.00000000000001
2022-12-06,285,99.99999999999999,100.0,100.00000000000001
2022-12-06,286,100.0,99.99999999999997,100.00000000000001
2022-12-06,287,100.0,100.00000000000001,100.0
2022-12-06,289,100.00000000000001,100.0,100.0
2022-12-06,290,100.0,100.0,100.00000000000003
2022-12-06,291,100.0,100.0,100.00000000000001
2022-12-06,297,100.0,100.0,99.99999999999999
2022-12-06,299,100.00000000000001,100.0,99.99999999999997
2022-12-07,1,100.00000000000001,100.0,100.0
2022-12-07,2,99.99999999999999,100.0,100.0
2022-12-07,3,99.99999999999997,100.0,100.0
2022-12-07,4,100.0,100.0,100.00000000000003
2022-12-07,6,99.99999999999999,100.0,100.0
2022-12-07,9,100.00000000000001,100.0,100.0
2022-12-07,11,99.99999999999999,100.0,100.0
2022-12-07,13,99.99999999999999,100.00000000000003,100.00000000000001
2022-12-07,16,100.0,100.00000000000001,100.0
2022-12-07,20,99.99999999999999,99.99999999999999,100.00000000000001
2022-12-07,23,100.0,100.0,100.00000000000001
2022-12-07,30,100.00000000000001,100.0,100.0
2022-12-07,31,100.00000000000001,100.0,100.0
2022-12-07,36,100.0,100.0,100.00000000000001
2022-12-07,37,99.99999999999999,100.0,100.0
2022-12-07,39,100.0,99.99999999999999,100.0
2022-12-07,43,100.0,99.99999999999999,100.0
2022-12-07,44,100.0,100.00000000000001,100.0
2022-12-07,46,100.00000000000003,100.0,100.0
2022-12-07,47,100.0,100.00000000000001,99.99999999999999
2022-12-07,48,100.0,99.99999999999997,100.0
2022-12-07,50,100.0,99.99999999999999,100.0
2022-12-07,51,100.0,99.99999999999997,100.0
2022-12-07,53,100.0,99.99999999999999,100.0
2022-12-07,55,99.99999999999999,100.0,100.0
2022-12-07,57,100.0,99.99999999999997,100.00000000000001
2022-12-07,59,100.0,100.00000000000001,100.0
2022-12-07,60,100.0,100.00000000000001,100.00000000000001
2022-12-07,61,99.99999999999999,100.0,100.0
2022-12-07,63,100.0,99.99999999999999,100.0
2022-12-07,64,100.0,100.00000000000001,100.00000000000001
2022-12-07,67,99.99999999999999,100.0,100.0
2022-12-07,70,100.0,99.99999999999996,100.0
2022-12-07,71,100.0,100.0,99.99999999999999
2022-12-07,73,100.0,99.99999999999999,100.00000000000001
2022-12-07,77,99.99999999999999,100.00000000000001,100.0
2022-12-07,78,99.99999999999999,100.0,100.0
2022-12-07,79,100.00000000000001,100.0,100.00000000000001
2022-12-07,80,100.0,100.0,100.00000000000001
2022-12-07,86,100.0,100.0,99.99999999999999
2022-12-07,88,100.0,99.99999999999999,99.99999999999999
2022-12-07,89,100.00000000000001,100.00000000000001,100.0
2022-12-07,91,100.00000000000001,100.0,100.0
2022-12-07,94,100.0,99.99999999999999,100.0
2022-12-07,95,100.0,100.00000000000001,100.0
2022-12-07,98,100.0,100.0,100.00000000000001
2022-12-07,101,100.00000000000001,100.0,99.99999999999999
2022-12-07,104,100.0,100.0,100.00000000000001
2022-12-07,105,100.0,100.0,99.99999999999997
2022-12-07,107,100.0,99.99999999999999,100.0
2022-12-07,117,100.0,99.99999999999999,100.0
2022-12-07,118,100.0,100.00000000000001,100.0
2022-12-07,120,100.00000000000001,100.0,100.0
2022-12-07,121,100.00000000000001,100.0,99.99999999999999
2022-12-07,129,100.00000000000001,100.0,100.00000000000001
2022-12-07,130,99.99999999999997,100.0,100.00000000000001
2022-12-07,136,100.0,100.0,99.99999999999997
2022-12-07,137,100.0,99.99999999999999,100.0
2022-12-07,140,100.0,100.0,100.00000000000001
2022-12-07,141,100.0,100.0,100.00000000000001
2022-12-07,146,100.0,99.99999999999999,100.0
2022-12-07,148,99.99999999999999,100.0,100.0
2022-12-07,149,100.00000000000001,100.0,100.0
2022-12-07,150,99.99999999999999,100.00000000000001,100.0
2022-12-07,154,100.0,99.99999999999997,100.0
2022-12-07,155,100.00000000000001,99.99999999999999,100.0
2022-12-07,163,100.0,100.00000000000001,99.99999999999999
2022-12-07,167,100.00000000000001,100.0,100.0
2022-12-07,168,100.0,100.0,99.99999999999999
2022-12-07,170,100.0,100.0,100.00000000000001
2022-12-07,173,100.0,100.0,100.00000000000001
2022-12-07,175,100.00000000000001,100.00000000000001,100.0
2022-12-07,177,100.0,100.0,99.99999999999999
2022-12-07,179,100.0,100.0,100.00000000000001
2022-12-07,181,100.00000000000003,100.0,100.0
2022-12-07,182,100.0,100.0,100.00000000000001
2022-12-07,184,99.99999999999997,100.0,100.0
2022-12-07,187,100.00000000000001,100.00000000000003,100.0
2022-12-07,188,100.00000000000001,99.99999999999999,99.99999999999999
2022-12-07,189,99.99999999999999,99.99999999999999,99.99999999999999
2022-12-07,191,100.00000000000001,100.0,100.0
2022-12-07,197,100.0,100.00000000000001,100.0
2022-12-07,198,99.99999999999999,100.00000000000001,100.00000000000003
2022-12-07,199,99.99999999999999,100.0,100.00000000000001
2022-12-07,200,100.00000000000003,99.99999999999999,99.99999999999999
2022-12-07,201,100.0,99.99999999999999,100.0
2022-12-07,202,100.0,100.0,99.99999999999999
2022-12-07,203,100.0,99.99999999999999,99.99999999999999
2022-12-07,206,100.00000000000001,100.0,100.0
2022-12-07,207,99.99999999999999,100.0,100.0
2022-12-07,209,100.0,99.99999999999999,100.0
2022-12-07,221,99.99999999999999,100.0,100.0
2022-12-07,222,100.00000000000003,100.0,100.00000000000001
2022-12-07,223,100.0,99.99999999999999,99.99999999999999
2022-12-07,225,99.99999999999999,100.00000000000001,100.0
2022-12-07,227,100.00000000000001,100.0,100.0
2022-12-07,229,100.0,99.99999999999999,100.00000000000001
2022-12-07,233,100.0,99.99999999999999,100.00000000000001
2022-12-07,234,100.00000000000001,99.99999999999999,99.99999999999999
2022-12-07,237,100.0,100.00000000000001,99.99999999999997
2022-12-07,238,100.0,99.99999999999999,100.0
2022-12-07,240,100.0,99.99999999999999,99.99999999999999
2022-12-07,244,100.00000000000001,99.99999999999999,100.0
2022-12-07,246,100.00000000000001,99.99999999999999,100.0
2022-12-07,249,99.99999999999999,99.99999999999999,100.00000000000001
2022-12-07,252,100.0,100.0,99.99999999999999
2022-12-07,254,99.99999999999999,100.0,100.0
2022-12-07,258,100.00000000000001,100.00000000000003,100.0
2022-12-07,259,100.00000000000001,100.0,100.0
2022-12-07,260,100.0,100.0,100.00000000000003
2022-12-07,261,99.99999999999999,100.0,100.0
2022-12-07,263,99.99999999999999,99.99999999999999,100.0
2022-12-07,265,100.0,99.99999999999999,100.0
2022-12-07,266,99.99999999999999,100.0,100.0
2022-12-07,267,100.0,100.0,99.99999999999999
2022-12-07,268,100.0,99.99999999999999,100.0
2022-12-07,269,99.99999999999999,100.0,100.0
2022-12-07,270,100.0,99.99999999999999,100.0
2022-12-07,271,100.0,99.99999999999999,99.99999999999999
2022-12-07,273,99.99999999999999,100.0,100.00000000000001
2022-12-07,275,100.0,99.99999999999999,100.0
2022-12-07,279,100.00000000000001,100.0,100.0
2022-12-07,280,99.99999999999999,100.0,100.0
2022-12-07,283,100.0,100.0,100.00000000000001
2022-12-07,285,99.99999999999999,100.0,100.00000000000001
2022-12-07,286,100.0,99.99999999999997,100.00000000000001
2022-12-07,287,100.0,100.00000000000001,100.0
2022-12-07,289,100.00000000000001,100.0,100.0
2022-12-07,290,100.0,100.0,100.00000000000003
2022-12-07,291,100.0,100.0,100.00000000000001
2022-12-07,297,100.0,100.0,99.99999999999999
2022-12-07,299,100.00000000000001,100.0,99.99999999999997
2022-12-08,1,100.00000000000001,100.0,100.0
2022-12-08,2,99.99999999999999,100.0,100.0
2022-12-08,3,99.99999999999997,100.0,100.0
2022-12-08,4,100.0,100.0,100.00000000000003
2022-12-08,6,99.99999999999999,100.0,100.0
2022-12-08,9,100.00000000000001,100.0,100.0
2022-12-08,11,99.99999999999999,100.0,100.0
2022-12-08,13,99.99999999999999,100.00000000000003,100.00000000000001
2022-12-08,16,99.99999999999999,100.0,100.0
2022-12-08,20,99.99999999999999,99.99999999999999,100.00000000000001
2022-12-08,23,100.0,100.0,100.00000000000001
2022-12-08,30,100.00000000000001,100.0,100.0
2022-12-08,31,100.00000000000001,100.0,100.0
2022-12-08,37,99.99999999999999,100.0,100.0
2022-12-08,39,100.0,99.99999999999999,100.0
2022-12-08,43,100.0,99.99999999999999,100.0
2022-12-08,44,100.0,100.00000000000001,100.0
2022-12-08,45,100.0,100.00000000000001,99.99999999999999
2022-12-08,46,100.00000000000003,100.0,100.0
2022-12-08,47,100.0,100.00000000000001,99.99999999999999
2022-12-08,48,100.0,99.99999999999997,100.0
2022-12-08,50,100.0,99.99999999999999,100.0
2022-12-08,51,100.0,99.99999999999997,100.0
2022-12-08,52,100.0,100.00000000000001,100.0
2022-12-08,53,100.0,99.99999999999999,100.0
2022-12-08,57,100.0,99.99999999999997,100.00000000000001
2022-12-08,59,100.0,100.00000000000001,100.0
2022-12-08,60,100.0,100.00000000000001,100.00000000000001
2022-12-08,61,99.99999999999999,100.0,100.0
2022-12-08,63,100.00000000000001,100.00000000000003,100.0
2022-12-08,64,100.0,100.00000000000001,100.00000000000001
2022-12-08,67,99.99999999999999,100.0,100.0
2022-12-08,70,100.0,99.99999999999996,100.0
2022-12-08,73,100.0,99.99999999999999,100.00000000000001
2022-12-08,75,100.00000000000001,100.0,100.00000000000001
2022-12-08,77,99.99999999999999,100.00000000000001,100.0
2022-12-08,78,99.99999999999999,100.0,100.0
2022-12-08,79,100.00000000000001,100.0,100.00000000000001
2022-12-08,80,100.0,100.0,100.00000000000001
2022-12-08,86,100.0,100.0,99.99999999999999
2022-12-08,88,100.0,99.99999999999999,99.99999999999999
2022-12-08,89,100.00000000000001,100.00000000000001,100.0
2022-12-08,91,100.00000000000001,100.0,100.0
2022-12-08,94,100.0,99.99999999999999,100.0
2022-12-08,95,100.0,100.00000000000001,100.0
2022-12-08,98,100.0,100.0,100.00000000000001
2022-12-08,99,99.99999999999999,100.0,100.0
2022-12-08,101,99.99999999999997,99.99999999999997,99.99999999999999
2022-12-08,104,100.0,100.0,100.00000000000001
2022-12-08,107,100.0,99.99999999999999,100.0
2022-12-08,117,100.0,99.99999999999999,100.0
2022-12-08,118,100.0,100.00000000000001,100.0
2022-12-08,120,100.00000000000001,100.0,100.0
2022-12-08,121,100.00000000000001,100.0,99.99999999999999
2022-12-08,129,100.00000000000001,100.0,100.00000000000001
2022-12-08,130,99.99999999999997,100.0,100.00000000000001
2022-12-08,136,100.0,100.0,99.99999999999997
2022-12-08,137,100.0,99.99999999999999,100.0
2022-12-08,140,100.0,100.0,100.00000000000001
2022-12-08,141,100.0,100.0,100.00000000000001
2022-12-08,146,100.0,99.99999999999999,100.0
2022-12-08,148,99.99999999999999,100.0,100.0
2022-12-08,149,100.00000000000001,100.0,100.0
2022-12-08,150,99.99999999999999,100.00000000000001,100.0
2022-12-08,154,100.0,99.99999999999997,100.0
2022-12-08,155,100.00000000000001,99.99999999999999,100.0
2022-12-08,163,100.0,100.00000000000001,99.99999999999999
2022-12-08,167,100.00000000000001,100.0,100.0
2022-12-08,168,100.0,100.0,99.99999999999999
2022-12-08,173,100.0,100.0,100.00000000000001
2022-12-08,175,100.00000000000001,100.00000000000001,100.0
2022-12-08,177,100.0,100.0,99.99999999999999
2022-12-08,179,100.0,100.0,100.00000000000001
2022-12-08,182,100.0,100.0,100.00000000000001
2022-12-08,184,99.99999999999997,100.0,100.0
2022-12-08,187,100.00000000000001,100.00000000000003,100.0
2022-12-08,188,100.00000000000001,99.99999999999999,99.99999999999999
2022-12-08,189,99.99999999999999,99.99999999999999,99.99999999999999
2022-12-08,191,100.00000000000001,100.0,100.0
2022-12-08,197,100.0,100.00000000000001,100.0
2022-12-08,198,99.99999999999999,100.00000000000001,100.00000000000003
2022-12-08,199,99.99999999999999,100.0,100.00000000000001
2022-12-08,200,100.00000000000003,99.99999999999999,99.99999999999999
2022-12-08,202,99.99999999999999,99.99999999999999,100.0
2022-12-08,203,100.0,99.99999999999999,99.99999999999999
2022-12-08,206,100.00000000000001,100.0,100.0
2022-12-08,207,99.99999999999999,100.0,100.0
2022-12-08,209,100.0,99.99999999999999,100.0
2022-12-08,221,99.99999999999999,100.0,100.0
2022-12-08,222,100.0,99.99999999999999,99.99999999999999
2022-12-08,223,100.0,99.99999999999999,99.99999999999999
2022-12-08,225,99.99999999999999,100.00000000000001,100.0
2022-12-08,227,100.00000000000001,100.0,100.0
2022-12-08,229,100.0,99.99999999999999,100.00000000000001
2022-12-08,233,100.0,99.99999999999999,100.00000000000001
2022-12-08,234,100.00000000000001,99.99999999999999,99.99999999999999
2022-12-08,237,100.0,100.00000000000001,99.99999999999997
2022-12-08,238,100.0,99.99999999999999,100.0
2022-12-08,240,100.0,99.99999999999999,99.99999999999999
2022-12-08,241,100.0,100.0,99.99999999999999
2022-12-08,244,100.00000000000001,99.99999999999999,100.0
2022-12-08,246,100.00000000000001,99.99999999999999,100.0
2022-12-08,249,99.99999999999999,99.99999999999999,100.00000000000001
2022-12-08,252,100.0,100.0,99.99999999999999
2022-12-08,254,99.99999999999999,100.0,100.0
2022-12-08,258,100.00000000000001,100.00000000000003,100.0
2022-12-08,259,100.00000000000001,100.0,100.0
2022-12-08,260,100.0,100.0,100.00000000000003
2022-12-08,261,99.99999999999999,100.0,100.0
2022-12-08,263,99.99999999999999,99.99999999999999,100.0
2022-12-08,265,100.0,99.99999999999999,100.0
2022-12-08,266,99.99999999999999,100.0,100.0
2022-12-08,267,100.0,100.0,99.99999999999999
2022-12-08,268,100.0,99.99999999999999,100.0
2022-12-08,269,99.99999999999999,100.0,100.0
2022-12-08,270,100.0,99.99999999999999,100.0
2022-12-08,271,99.99999999999999,100.0,100.0
2022-12-08,273,99.99999999999999,100.0,100.00000000000001
2022-12-08,275,100.0,99.99999999999999,100.0
2022-12-08,279,100.00000000000001,100.0,100.0
2022-12-08,280,99.99999999999999,100.0,100.0
2022-12-08,285,99.99999999999999,100.0,100.00000000000001
2022-12-08,286,100.0,99.99999999999997,100.00000000000001
2022-12-08,287,100.0,100.00000000000001,100.0
2022-12-08,289,100.0,100.00000000000001,100.0
2022-12-08,290,100.0,100.0,100.00000000000003
2022-12-08,291,100.0,100.0,100.00000000000001
2022-12-08,294,100.0,99.99999999999997,100.00000000000001
2022-12-08,297,100.0,100.0,99.99999999999999
2022-12-08,299,100.00000000000001,100.0,99.99999999999997
2022-12-09,1,100.00000000000001,100.0,100.0
2022-12-09,2,99.99999999999999,100.0,100.0
2022-12-09,3,99.99999999999997,100.0,100.0
2022-12-09,4,100.0,100.0,100.00000000000003
2022-12-09,6,99.99999999999999,100.0,100.0
2022-12-09,9,100.00000000000001,100.0,100.0
2022-12-09,11,99.99999999999999,100.0,100.0
2022-12-09,13,99.99999999999999,100.00000000000003,100.00000000000001
2022-12-09,16,99.99999999999999,100.0,100.0
2022-12-09,20,99.99999999999999,99.99999999999999,100.00000000000001
2022-12-09,23,100.0,100.0,100.00000000000001
2022-12-09,31,100.00000000000001,100.0,100.0
2022-12-09,32,99.99999999999999,100.0,100.0
2022-12-09,37,100.00000000000001,100.0,100.0
2022-12-09,39,100.0,99.99999999999999,100.0
2022-12-09,43,100.0,99.99999999999999,100.0
2022-12-09,44,100.0,100.00000000000001,100.0
2022-12-09,45,100.0,100.00000000000001,99.99999999999999
2022-12-09,46,100.00000000000003,100.0,100.0
2022-12-09,47,100.0,100.00000000000001,99.99999999999999
2022-12-09,48,100.00000000000001,100.0,99.99999999999999
2022-12-09,49,100.0,99.99999999999997,100.0
2022-12-09,51,100.0,99.99999999999997,100.0
2022-12-09,52,100.0,100.00000000000001,100.0
2022-12-09,53,100.0,99.99999999999999,100.0
2022-12-09,57,99.99999999999999,100.0,100.0
2022-12-09,59,100.0,100.00000000000001,100.0
2022-12-09,60,100.0,100.00000000000001,100.00000000000001
2022-12-09,61,99.99999999999999,100.0,100.0
2022-12-09,63,100.00000000000001,100.00000000000003,100.0
2022-12-09,64,100.0,100.00000000000001,100.00000000000001
2022-12-09,67,99.99999999999999,100.0,100.0
2022-12-09,70,100.0,99.99999999999996,100.0
2022-12-09,73,100.0,99.99999999999999,100.00000000000001
2022-12-09,74,100.00000000000003,100.00000000000001,99.99999999999999
2022-12-09,75,100.00000000000001,100.0,100.00000000000001
2022-12-09,77,99.99999999999999,100.00000000000001,100.0
2022-12-09,78,99.99999999999999,100.0,100.0
2022-12-09,79,100.00000000000001,100.0,100.00000000000001
2022-12-09,80,100.0,100.0,100.00000000000001
2022-12-09,86,100.0,100.0,99.99999999999999
2022-12-09,88,100.0,99.99999999999999,99.99999999999999
2022-12-09,89,100.00000000000001,100.00000000000001,100.0
2022-12-09,91,100.00000000000001,100.0,100.0
2022-12-09,94,100.0,99.99999999999999,100.0
2022-12-09,98,100.0,100.0,100.00000000000001
2022-12-09,99,99.99999999999999,100.0,100.0
2022-12-09,100,100.0,181.82807998837086,100.0
2022-12-09,101,99.99999999999997,99.99999999999997,99.99999999999999
2022-12-09,106,99.99999999999999,100.0,100.0
2022-12-09,107,100.0,99.99999999999999,100.0
2022-12-09,110,100.0,139.3919354541449,100.0
2022-12-09,117,100.0,99.99999999999999,100.0
2022-12-09,118,100.0,100.00000000000001,100.0
2022-12-09,120,100.00000000000001,100.0,100.0
2022-12-09,121,100.00000000000001,100.0,99.99999999999999
2022-12-09,124,100.0,99.99999999999997,99.99999999999999
2022-12-09,129,100.00000000000001,100.0,100.00000000000001
2022-12-09,130,99.99999999999997,100.0,100.00000000000001
2022-12-09,136,100.0,100.0,99.99999999999997
2022-12-09,137,100.0,99.99999999999999,100.0
2022-12-09,140,100.0,100.0,100.00000000000001
2022-12-09,141,100.0,100.0,100.00000000000001
2022-12-09,146,100.0,99.99999999999999,100.0
2022-12-09,148,99.99999999999999,100.0,100.0
2022-12-09,149,100.00000000000001,100.0,100.0
2022-12-09,150,99.99999999999999,100.00000000000001,100.0
2022-12-09,154,100.0,99.99999999999997,100.0
2022-12-09,155,100.0,99.99999999999999,100.0
2022-12-09,163,100.0,100.00000000000001,99.99999999999999
2022-12-09,168,100.0,100.0,99.99999999999999
2022-12-09,173,100.0,100.0,100.00000000000001
2022-12-09,175,100.00000000000001,100.00000000000001,100.0
2022-12-09,177,100.0,100.0,99.99999999999999
2022-12-09,179,100.0,100.0,100.00000000000001
2022-12-09,182,100.0,100.0,100.00000000000001
2022-12-09,184,99.99999999999997,100.0,100.0
2022-12-09,186,100.0,100.0,100.00000000000001
2022-12-09,188,100.00000000000001,99.99999999999999,99.99999999999999
2022-12-09,189,99.99999999999999,99.99999999999999,99.99999999999999
2022-12-09,191,100.00000000000001,100.0,100.0
2022-12-09,197,100.00000000000003,100.0,100.0
2022-12-09,198,99.99999999999999,100.00000000000001,100.00000000000003
2022-12-09,199,99.99999999999999,100.0,100.00000000000001
2022-12-09,200,100.00000000000003,99.99999999999999,99.99999999999999
2022-12-09,202,99.99999999999999,99.99999999999999,100.0
2022-12-09,203,100.0,99.99999999999999,99.99999999999999
2022-12-09,206,100.00000000000001,100.0,100.0
2022-12-09,207,100.00000000000001,100.00000000000001,100.00000000000003
2022-12-09,221,99.99999999999999,100.0,100.0
2022-12-09,222,100.0,99.99999999999999,99.99999999999999
2022-12-09,223,100.0,99.99999999999999,99.99999999999999
2022-12-09,227,100.00000000000001,100.0,100.0
2022-12-09,229,100.0,99.99999999999999,100.00000000000001
2022-12-09,233,100.0,99.99999999999999,100.00000000000001
2022-12-09,234,100.00000000000001,99.99999999999999,99.99999999999999
2022-12-09,237,100.0,100.00000000000001,99.99999999999997
2022-12-09,238,100.0,99.99999999999999,100.0
2022-12-09,240,100.0,99.99999999999999,99.99999999999999
2022-12-09,241,100.0,100.0,99.99999999999999
2022-12-09,244,100.00000000000001,99.99999999999999,100.0
2022-12-09,246,100.00000000000001,99.99999999999999,100.0
2022-12-09,249,99.99999999999999,99.99999999999999,100.00000000000001
2022-12-09,252,100.0,100.0,99.99999999999999
2022-12-09,254,99.99999999999999,100.0,100.0
2022-12-09,258,100.00000000000001,100.00000000000003,100.0
2022-12-09,259,100.00000000000001,100.0,100.0
2022-12-09,260,100.0,100.0,100.00000000000003
2022-12-09,261,99.99999999999999,100.0,100.0
2022-12-09,263,99.99999999999999,99.99999999999999,100.0
2022-12-09,265,100.0,99.99999999999999,100.0
2022-12-09,268,100.0,99.99999999999999,100.0
2022-12-09,269,99.99999999999999,100.0,100.0
2022-12-09,270,100.0,99.99999999999999,100.0
2022-12-09,271,99.99999999999999,100.0,100.0
2022-12-09,273,99.99999999999999,100.0,100.00000000000001
2022-12-09,275,100.0,99.99999999999999,100.0
2022-12-09,279,100.00000000000001,100.0,100.0
2022-12-09,280,99.99999999999999,100.0,100.0
2022-12-09,285,99.99999999999999,100.0,100.00000000000001
2022-12-09,286,100.0,99.99999999999997,100.00000000000001
2022-12-09,287,100.0,100.00000000000001,100.0
2022-12-09,289,100.0,100.00000000000001,100.0
2022-12-09,290,100.0,100.0,100.00000000000003
2022-12-09,291,100.0,100.0,100.00000000000001
2022-12-09,294,100.0,99.99999999999997,100.00000000000001
2022-12-09,297,100.0,100.0,99.99999999999999
2022-12-09,299,100.00000000000001,100.0,99.99999999999997
2022-12-10,1,100.00000000000001,100.0,100.0
2022-12-10,2,99.99999999999999,100.0,100.0
2022-12-10,3,99.99999999999997,100.0,100.0
2022-12-10,4,100.0,58.98146264530993,100.00000000000003
2022-12-10,6,99.99999999999999,100.0,100.0
2022-12-10,9,100.00000000000001,100.0,100.0
2022-12-10,11,99.99999999999999,100.0,100.0
2022-12-10,13,99.99999999999999,100.00000000000003,100.00000000000001
2022-12-10,16,99.99999999999999,100.0,100.0
2022-12-10,23,100.0,100.0,100.00000000000001
2022-12-10,31,100.00000000000001,100.0,100.0
2022-12-10,32,99.99999999999999,100.0,100.0
2022-12-10,34,99.99999999999999,100.0,99.99999999999999
2022-12-10,37,100.00000000000001,100.0,100.0
2022-12-10,39,100.0,99.99999999999999,100.0
2022-12-10,43,100.0,99.99999999999999,100.0
2022-12-10,44,100.0,100.00000000000001,100.0
2022-12-10,45,100.0,100.00000000000001,99.99999999999999
2022-12-10,46,100.00000000000003,100.0,100.0
2022-12-10,47,100.0,100.00000000000001,99.99999999999999
2022-12-10,48,100.00000000000001,100.0,99.99999999999999
2022-12-10,49,100.0,99.99999999999997,100.0
2022-12-10,51,99.99999999999997,100.0,100.0
2022-12-10,52,100.0,100.00000000000001,100.0
2022-12-10,53,100.0,99.99999999999999,100.0
2022-12-10,57,99.99999999999999,100.0,100.0
2022-12-10,59,100.0,100.00000000000001,100.0
2022-12-10,60,100.0,100.00000000000001,100.00000000000001
2022-12-10,61,99.99999999999999,100.0,100.0
2022-12-10,63,100.00000000000001,100.00000000000003,100.0
2022-12-10,64,100.0,100.00000000000001,100.00000000000001
2022-12-10,67,99.99999999999999,100.0,100.0
2022-12-10,70,100.0,99.99999999999996,100.0
2022-12-10,72,99.99999999999997,100.00000000000003,100.00000000000001
2022-12-10,73,100.0,99.99999999999999,100.00000000000001
2022-12-10,74,100.00000000000003,100.00000000000001,99.99999999999999
2022-12-10,75,100.00000000000001,100.0,100.00000000000001
2022-12-10,77,99.99999999999999,100.00000000000001,100.0
2022-12-10,78,99.99999999999999,100.0,100.0
2022-12-10,79,100.00000000000001,100.0,100.00000000000001
2022-12-10,86,100.0,100.0,99.99999999999999
2022-12-10,88,100.0,99.99999999999999,99.99999999999999
2022-12-10,89,100.00000000000001,100.00000000000001,100.0
2022-12-10,98,100.0,100.0,100.00000000000001
2022-12-10,99,99.99999999999999,100.0,100.0
2022-12-10,101,99.99999999999997,99.99999999999997,99.99999999999999
2022-12-10,106,99.99999999999999,100.0,100.0
2022-12-10,107,100.0,99.99999999999999,100.0
2022-12-10,117,100.0,99.99999999999999,100.0
2022-12-10,118,100.0,100.00000000000001,100.0
2022-12-10,120,100.00000000000001,100.0,100.0
2022-12-10,121,100.00000000000001,100.0,99.99999999999999
2022-12-10,122,100.0,100.00000000000001,100.00000000000001
2022-12-10,124,100.0,99.99999999999997,99.99999999999999
2022-12-10,129,100.00000000000001,100.0,100.00000000000001
2022-12-10,130,99.99999999999997,100.0,100.00000000000001
2022-12-10,134,100.00000000000001,99.99999999999999,99.99999999999999
2022-12-10,136,100.0,100.0,99.99999999999997
2022-12-10,137,100.0,99.99999999999999,100.0
2022-12-10,140,100.0,100.0,100.00000000000001
2022-12-10,146,100.0,99.99999999999999,100.0
2022-12-10,148,99.99999999999999,100.0,100.0
2022-12-10,149,100.00000000000001,100.0,100.0
2022-12-10,150,99.99999999999999,100.00000000000001,100.0
2022-12-10,154,100.0,99.99999999999997,100.0
2022-12-10,155,100.0,99.99999999999999,100.0
2022-12-10,163,100.0,100.0,100.00000000000001
2022-12-10,168,100.0,100.0,99.99999999999999
2022-12-10,173,100.0,100.0,100.00000000000001
2022-12-10,175,99.99999999999997,100.0,100.00000000000001
2022-12-10,177,100.0,100.0,99.99999999999999
2022-12-10,179,100.0,100.0,100.00000000000001
2022-12-10,182,100.0,100.0,100.00000000000001
2022-12-10,184,99.99999999999997,100.0,100.0
2022-12-10,186,100.0,100.0,100.00000000000001
2022-12-10,188,100.00000000000001,99.99999999999999,99.99999999999999
2022-12-10,189,99.99999999999999,99.99999999999999,99.99999999999999
2022-12-10,191,100.00000000000001,100.0,100.0
2022-12-10,197,100.00000000000003,100.0,100.0
2022-12-10,198,99.99999999999999,100.00000000000001,100.00000000000003
2022-12-10,199,99.99999999999999,100.0,100.00000000000001
2022-12-10,200,100.00000000000003,99.99999999999999,99.99999999999999
2022-12-10,202,99.99999999999999,99.99999999999999,100.0
2022-12-10,206,100.00000000000001,100.0,100.0
2022-12-10,207,100.00000000000001,100.00000000000001,100.00000000000003
2022-12-10,210,100.0,100.00000000000003,99.99999999999999
2022-12-10,221,99.99999999999999,100.0,100.0
2022-12-10,222,100.0,99.99999999999999,99.99999999999999
2022-12-10,223,100.0,99.99999999999999,99.99999999999999
2022-12-10,224,99.99999999999997,99.99999999999999,99.99999999999999
2022-12-10,227,100.00000000000001,100.0,100.0
2022-12-10,229,100.0,99.99999999999999,100.00000000000001
2022-12-10,233,100.0,99.99999999999999,100.00000000000001
2022-12-10,234,100.00000000000001,99.99999999999999,99.99999999999999
2022-12-10,237,100.0,100.00000000000001,99.99999999999997
2022-12-10,238,100.0,99.99999999999999,100.0
2022-12-10,240,100.0,99.99999999999999,99.99999999999999
2022-12-10,241,100.0,100.0,99.99999999999999
2022-12-10,244,100.00000000000001,99.99999999999999,100.0
2022-12-10,246,100.00000000000001,99.99999999999999,100.0
2022-12-10,249,99.99999999999999,99.99999999999999,100.00000000000001
2022-12-10,252,100.0,100.0,99.99999999999999
2022-12-10,254,99.99999999999999,100.0,100.0
2022-12-10,258,100.00000000000001,100.00000000000003,100.0
2022-12-10,259,100.00000000000001,100.0,100.0
2022-12-10,260,100.0,100.0,100.00000000000003
2022-12-10,261,99.99999999999999,100.0,100.0
2022-12-10,263,99.99999999999999,99.99999999999999,100.0
2022-12-10,265,100.0,99.99999999999999,100.0
2022-12-10,268,100.0,99.99999999999999,100.0
2022-12-10,269,99.99999999999999,100.0,100.0
2022-12-10,270,100.0,99.99999999999999,100.0
2022-12-10,271,99.99999999999999,100.0,100.0
2022-12-10,273,99.99999999999999,100.0,100.00000000000001
2022-12-10,275,100.0,99.99999999999999,100.0
2022-12-10,279,100.00000000000001,100.0,100.0
2022-12-10,280,99.99999999999999,100.0,100.0
2022-12-10,281,99.99999999999999,100.0,100.0
2022-12-10,285,100.0,99.99999999999999,100.0
2022-12-10,286,100.0,99.99999999999997,100.00000000000001
2022-12-10,287,100.0,100.00000000000001,100.0
2022-12-10,289,100.0,100.00000000000001,100.0
2022-12-10,291,100.0,100.0,100.00000000000001
2022-12-10,294,100.0,99.99999999999997,100.00000000000001
2022-12-10,297,100.0,99.99999999999999,100.00000000000001
2022-12-10,299,100.00000000000001,100.0,99.99999999999997
